uid,comment,cnid,did,approval
0,bad,1,6,1
0,expensive,2,5,1
0,nasty,3,16,0
1,yuck,4,11,1
1,not good,5,1,1
1,worst,6,2,0
0,no taste,7,4,1
1,bad,8,3,1
1,need to be better,9,13,1
0,improvement needed,10,9,0
1,worst,11,2,0
0,no taste,12,17,0
1,bad,13,13,0
0,need to be better,14,5,1
1,improvement needed,15,15,1
1,bad,16,13,1
1,expensive,17,18,0
0,nasty,18,19,0
0,yuck,19,16,0
1,not good,20,2,1
1,dfagagoiahdgiaf,21,1,-1
1,bad,22,1,0
1,bad,23,2,0
1,bad,24,4,0
1,bad,25,5,0
1,bad,26,2,0
1,bad,27,4,0
1,bad,28,7,0
1,bad,29,9,0
1,bad,30,10,0
1,bad,31,11,0
1,bad,32,18,0
1,bad,33,19,0
1,bad,34,2,0
1,bad,35,4,0
1,bad,36,7,0
1,bad,37,9,0
1,bad,38,10,1
1,bad,39,11,0
1,bad,40,18,0
1,bad,41,19,0
1,bad,42,11,0
1,bad,43,12,0
1,bad,44,13,0
1,bad,45,14,0
1,bad,46,1,0
1,bad,47,2,0
1,bad,48,3,0
1,bad,49,4,0
1,bad,50,0,0
1,bad,51,11,1
1,bad,52,12,1
1,bad,53,13,1
1,bad,54,14,1
1,bad,55,0,1
1,bad,56,0,1
