dish,did,time,price,path,description
fried chicken,0,14,4,images/FiredChicken.gif,Fired Chicken 
coffee,1,5,6,images/Coffee.gif,Coffee 
burger sandwich,2,7,8,images/BurgerSandwich.gif,Burger Sandwich
not available,-1,-1,0,images/NotAvailable.gif,Not Available
hot dog,4,10,10,images/HotDog.gif,Hot Dog 
red coffee,5,12,14,images/RedCoffe.gif,Red Coffe 
fries,6,3,6,images/Fires.gif,Fries 
cossant,7,1,17,images/Cossant.gif, Cossant 
soft serve,8,6,20,images/SoftServe.gif,Soft Serve 
pop corn,9,8,5,images/PopCorn.gif,Pop Corn
coke,10,3,9,images/Coke.gif,Coke
donut,11,22,11,images/Donut.gif,Donut 
hot capaccino,12,2,22,images/HotCapaccino.gif,Hot Capaccino
egg,13,1,13,images/Egg.gif,Egg
apple,14,7,12,images/Apple.gif,Apple
green tea,15,3,18,images/GreenTea.gif,Green Tea
dark chocolate,16,7,19,images/DarkChocolate.gif,Dark Chocolate
oranges,17,3,20,images/Oranges.gif,Oranges
garlic,18,5,16,images/Garlic.gif,Garlic
tomatos,19,23,14,images/Tomatos.gif,Tomatos
cheese sandwich,20,0,5,images/CheeseSandwich.gif,Cheese Sandwich
turkey sandwich,21,0,4,images/TurkeySandwich.gif,Turkey Sandwich