username,password,balance,email,level,uid,cart,name,approved,warning,spent,orders
reg,reg,517.0,regular@gmail.com,1,0,,,1,0.0,183.0,4.0
mvp,mvp,0.0,vip@gmail.com,1,1,,,1,1.0,4.0,1.0
dil1,dil1,,delivery1@gmail.com,3,2,,d1,1,,,
chf1,chf1,,chef1@gmail.com,4,3,,A,1,,,
chf2,chf2,,chef2@gmail.com,4,4,,B,1,,,
chf3,chf3,,chef3@gamail.com,4,5,,C,1,,,
manager,manager,,manager@gmail.com,5,6,,,1,,,
dil2,dil2,,delivery2@gamil.com,3,7,,d2,1,,,
temp,temp,100.0,temp@gmail.com,1,8,,,0,0.0,0.0,0.0
test,test,100.0,test@gmail.com,1,9,,,0,0.0,0.0,0.0
qwe,qwe,150.0,qwe@gmail.com,1,10,"0,2,19,4,5,9,11",,1,0.0,0.0,0.0
nums,nums,0.0,nums@gmail.com,1,11,,,1,0.0,0.0,0.0
nums+,nums+,50.0,nums+@gmail.com,1,12,,,1,0.0,0.0,0.0
reg2,reg2,0.0,regular2@gmail.com,1,13,,,1,0.0,0.0,0.0
one,one,50.0,one@gmail.com,1,14,,,0,0.0,0.0,0.0
two,two,50.0,two@gmail.com,1,15,,,1,0.0,0.0,0.0
chf4,chf4,0.0,chef4@gmail.com,4,16,,D,1,,,
dil3,dil3,0.0,delivery3@gmail.com,3,17,,d3,1,,,
sales,sales,50.0,sales@gmail.com,1,18,,,0,0.0,0.0,0.0
chf5,chf5,,chef5@gmail.com,4,19,,Test,1,,,
dil4,dil4,,delivery4@gmail.com,3,20,,d4,1,,,
dil5,dil5,,delivery5@gmail.com,3,21,,d5,1,,,
Fail,Fail,,Fail@gmail.com,4,22,,F,1,,,
md,md,,md,3,23,,md,1,,,
tetstesteste,testestsetest,0.0,shahan27@live.com,1,24,,,-1,0.0,0.0,0.0
has,has,50.0,srahman014@citymail.cuny.edu,1,25,,,1,0.0,0.0,0.0
salesetest,salesetest,,salesetest@gmail.com,3,26,,salesetest,1,,,
testsdafasdfasdf,testsdafdasfass,0.0,testdsfadsfa,4,27,,testsadfasdfasdf,-1,,,
